{
  "Build Failure": {
    "precision": 0.1010989010989011,
    "recall": 0.10199556541019955,
    "f1-score": 0.10154525386313466,
    "support": 902.0
  },
  "Configuration Error": {
    "precision": 0.08068459657701711,
    "recall": 0.075,
    "f1-score": 0.07773851590106007,
    "support": 880.0
  },
  "Dependency Error": {
    "precision": 0.10286320254506894,
    "recall": 0.10753880266075388,
    "f1-score": 0.1051490514905149,
    "support": 902.0
  },
  "Deployment Failure": {
    "precision": 0.0984936268829664,
    "recall": 0.09444444444444444,
    "f1-score": 0.09642654566080544,
    "support": 900.0
  },
  "Network Error": {
    "precision": 0.10069101678183613,
    "recall": 0.10979547900968784,
    "f1-score": 0.10504634397528322,
    "support": 929.0
  },
  "Permission Error": {
    "precision": 0.09422850412249706,
    "recall": 0.0898876404494382,
    "f1-score": 0.09200690051753882,
    "support": 890.0
  },
  "Resource Exhaustion": {
    "precision": 0.1140724946695096,
    "recall": 0.1171960569550931,
    "f1-score": 0.11561318206374932,
    "support": 913.0
  },
  "Security Scan Failure": {
    "precision": 0.11498973305954825,
    "recall": 0.1206896551724138,
    "f1-score": 0.11777076761303891,
    "support": 928.0
  },
  "Test Failure": {
    "precision": 0.09207459207459208,
    "recall": 0.08876404494382023,
    "f1-score": 0.09038901601830664,
    "support": 890.0
  },
  "Timeout": {
    "precision": 0.09832134292565947,
    "recall": 0.09468822170900693,
    "f1-score": 0.09647058823529411,
    "support": 866.0
  },
  "accuracy": 0.10022222222222223,
  "macro avg": {
    "precision": 0.09975180107375961,
    "recall": 0.0999999910754858,
    "f1-score": 0.0998156165338726,
    "support": 9000.0
  },
  "weighted avg": {
    "precision": 0.09988635330679835,
    "recall": 0.10022222222222223,
    "f1-score": 0.09999356719638425,
    "support": 9000.0
  }
}